Series ID,Year,Period,Label,Value
LASST450000000000006,1976,M01,1976 Jan,1295867
LASST450000000000006,1976,M02,1976 Feb,1295652
LASST450000000000006,1976,M03,1976 Mar,1295432
LASST450000000000006,1976,M04,1976 Apr,1295324
LASST450000000000006,1976,M05,1976 May,1295580
LASST450000000000006,1976,M06,1976 Jun,1296350
LASST450000000000006,1976,M07,1976 Jul,1297400
LASST450000000000006,1976,M08,1976 Aug,1298899
LASST450000000000006,1976,M09,1976 Sep,1300801
LASST450000000000006,1976,M10,1976 Oct,1303240
LASST450000000000006,1976,M11,1976 Nov,1306377
LASST450000000000006,1976,M12,1976 Dec,1309983
LASST450000000000006,1977,M01,1977 Jan,1314128
LASST450000000000006,1977,M02,1977 Feb,1318327
LASST450000000000006,1977,M03,1977 Mar,1321504
LASST450000000000006,1977,M04,1977 Apr,1323419
LASST450000000000006,1977,M05,1977 May,1324298
LASST450000000000006,1977,M06,1977 Jun,1324773
LASST450000000000006,1977,M07,1977 Jul,1325778
LASST450000000000006,1977,M08,1977 Aug,1328000
LASST450000000000006,1977,M09,1977 Sep,1331242
LASST450000000000006,1977,M10,1977 Oct,1334631
LASST450000000000006,1977,M11,1977 Nov,1337576
LASST450000000000006,1977,M12,1977 Dec,1339831
LASST450000000000006,1978,M01,1978 Jan,1341655
LASST450000000000006,1978,M02,1978 Feb,1343779
LASST450000000000006,1978,M03,1978 Mar,1347167
LASST450000000000006,1978,M04,1978 Apr,1351655
LASST450000000000006,1978,M05,1978 May,1356617
LASST450000000000006,1978,M06,1978 Jun,1360925
LASST450000000000006,1978,M07,1978 Jul,1363445
LASST450000000000006,1978,M08,1978 Aug,1364225
LASST450000000000006,1978,M09,1978 Sep,1364123
LASST450000000000006,1978,M10,1978 Oct,1364354
LASST450000000000006,1978,M11,1978 Nov,1365634
LASST450000000000006,1978,M12,1978 Dec,1367851
LASST450000000000006,1979,M01,1979 Jan,1370229
LASST450000000000006,1979,M02,1979 Feb,1371914
LASST450000000000006,1979,M03,1979 Mar,1372382
LASST450000000000006,1979,M04,1979 Apr,1371928
LASST450000000000006,1979,M05,1979 May,1371437
LASST450000000000006,1979,M06,1979 Jun,1371649
LASST450000000000006,1979,M07,1979 Jul,1373046
LASST450000000000006,1979,M08,1979 Aug,1375410
LASST450000000000006,1979,M09,1979 Sep,1378097
LASST450000000000006,1979,M10,1979 Oct,1380156
LASST450000000000006,1979,M11,1979 Nov,1380788
LASST450000000000006,1979,M12,1979 Dec,1380257
LASST450000000000006,1980,M01,1980 Jan,1379386
LASST450000000000006,1980,M02,1980 Feb,1379200
LASST450000000000006,1980,M03,1980 Mar,1380573
LASST450000000000006,1980,M04,1980 Apr,1383802
LASST450000000000006,1980,M05,1980 May,1388589
LASST450000000000006,1980,M06,1980 Jun,1394359
LASST450000000000006,1980,M07,1980 Jul,1399913
LASST450000000000006,1980,M08,1980 Aug,1404244
LASST450000000000006,1980,M09,1980 Sep,1407246
LASST450000000000006,1980,M10,1980 Oct,1409551
LASST450000000000006,1980,M11,1980 Nov,1411935
LASST450000000000006,1980,M12,1980 Dec,1414904
LASST450000000000006,1981,M01,1981 Jan,1418507
LASST450000000000006,1981,M02,1981 Feb,1422364
LASST450000000000006,1981,M03,1981 Mar,1425845
LASST450000000000006,1981,M04,1981 Apr,1428230
LASST450000000000006,1981,M05,1981 May,1429164
LASST450000000000006,1981,M06,1981 Jun,1429279
LASST450000000000006,1981,M07,1981 Jul,1429774
LASST450000000000006,1981,M08,1981 Aug,1431363
LASST450000000000006,1981,M09,1981 Sep,1434226
LASST450000000000006,1981,M10,1981 Oct,1438466
LASST450000000000006,1981,M11,1981 Nov,1444016
LASST450000000000006,1981,M12,1981 Dec,1450731
LASST450000000000006,1982,M01,1982 Jan,1458046
LASST450000000000006,1982,M02,1982 Feb,1465089
LASST450000000000006,1982,M03,1982 Mar,1471100
LASST450000000000006,1982,M04,1982 Apr,1476022
LASST450000000000006,1982,M05,1982 May,1480177
LASST450000000000006,1982,M06,1982 Jun,1483658
LASST450000000000006,1982,M07,1982 Jul,1486763
LASST450000000000006,1982,M08,1982 Aug,1489884
LASST450000000000006,1982,M09,1982 Sep,1492840
LASST450000000000006,1982,M10,1982 Oct,1494856
LASST450000000000006,1982,M11,1982 Nov,1495229
LASST450000000000006,1982,M12,1982 Dec,1493333
LASST450000000000006,1983,M01,1983 Jan,1489595
LASST450000000000006,1983,M02,1983 Feb,1485248
LASST450000000000006,1983,M03,1983 Mar,1481248
LASST450000000000006,1983,M04,1983 Apr,1478362
LASST450000000000006,1983,M05,1983 May,1476745
LASST450000000000006,1983,M06,1983 Jun,1476160
LASST450000000000006,1983,M07,1983 Jul,1476314
LASST450000000000006,1983,M08,1983 Aug,1476688
LASST450000000000006,1983,M09,1983 Sep,1477038
LASST450000000000006,1983,M10,1983 Oct,1477357
LASST450000000000006,1983,M11,1983 Nov,1477683
LASST450000000000006,1983,M12,1983 Dec,1478235
LASST450000000000006,1984,M01,1984 Jan,1479105
LASST450000000000006,1984,M02,1984 Feb,1480390
LASST450000000000006,1984,M03,1984 Mar,1482405
LASST450000000000006,1984,M04,1984 Apr,1484930
LASST450000000000006,1984,M05,1984 May,1487824
LASST450000000000006,1984,M06,1984 Jun,1491158
LASST450000000000006,1984,M07,1984 Jul,1494688
LASST450000000000006,1984,M08,1984 Aug,1498573
LASST450000000000006,1984,M09,1984 Sep,1503101
LASST450000000000006,1984,M10,1984 Oct,1508441
LASST450000000000006,1984,M11,1984 Nov,1514626
LASST450000000000006,1984,M12,1984 Dec,1521254
LASST450000000000006,1985,M01,1985 Jan,1527654
LASST450000000000006,1985,M02,1985 Feb,1533210
LASST450000000000006,1985,M03,1985 Mar,1537835
LASST450000000000006,1985,M04,1985 Apr,1542083
LASST450000000000006,1985,M05,1985 May,1546298
LASST450000000000006,1985,M06,1985 Jun,1550237
LASST450000000000006,1985,M07,1985 Jul,1553629
LASST450000000000006,1985,M08,1985 Aug,1556265
LASST450000000000006,1985,M09,1985 Sep,1557978
LASST450000000000006,1985,M10,1985 Oct,1559019
LASST450000000000006,1985,M11,1985 Nov,1560055
LASST450000000000006,1985,M12,1985 Dec,1561983
LASST450000000000006,1986,M01,1986 Jan,1565379
LASST450000000000006,1986,M02,1986 Feb,1570252
LASST450000000000006,1986,M03,1986 Mar,1576022
LASST450000000000006,1986,M04,1986 Apr,1582036
LASST450000000000006,1986,M05,1986 May,1587887
LASST450000000000006,1986,M06,1986 Jun,1593367
LASST450000000000006,1986,M07,1986 Jul,1598104
LASST450000000000006,1986,M08,1986 Aug,1601797
LASST450000000000006,1986,M09,1986 Sep,1604785
LASST450000000000006,1986,M10,1986 Oct,1607536
LASST450000000000006,1986,M11,1986 Nov,1610240
LASST450000000000006,1986,M12,1986 Dec,1613276
LASST450000000000006,1987,M01,1987 Jan,1616870
LASST450000000000006,1987,M02,1987 Feb,1620643
LASST450000000000006,1987,M03,1987 Mar,1623935
LASST450000000000006,1987,M04,1987 Apr,1626098
LASST450000000000006,1987,M05,1987 May,1627188
LASST450000000000006,1987,M06,1987 Jun,1627952
LASST450000000000006,1987,M07,1987 Jul,1629485
LASST450000000000006,1987,M08,1987 Aug,1632415
LASST450000000000006,1987,M09,1987 Sep,1636609
LASST450000000000006,1987,M10,1987 Oct,1641459
LASST450000000000006,1987,M11,1987 Nov,1646229
LASST450000000000006,1987,M12,1987 Dec,1650013
LASST450000000000006,1988,M01,1988 Jan,1652286
LASST450000000000006,1988,M02,1988 Feb,1653560
LASST450000000000006,1988,M03,1988 Mar,1654548
LASST450000000000006,1988,M04,1988 Apr,1655620
LASST450000000000006,1988,M05,1988 May,1656851
LASST450000000000006,1988,M06,1988 Jun,1658377
LASST450000000000006,1988,M07,1988 Jul,1660196
LASST450000000000006,1988,M08,1988 Aug,1662419
LASST450000000000006,1988,M09,1988 Sep,1665098
LASST450000000000006,1988,M10,1988 Oct,1667953
LASST450000000000006,1988,M11,1988 Nov,1670740
LASST450000000000006,1988,M12,1988 Dec,1673120
LASST450000000000006,1989,M01,1989 Jan,1675087
LASST450000000000006,1989,M02,1989 Feb,1676829
LASST450000000000006,1989,M03,1989 Mar,1678907
LASST450000000000006,1989,M04,1989 Apr,1681800
LASST450000000000006,1989,M05,1989 May,1685403
LASST450000000000006,1989,M06,1989 Jun,1689498
LASST450000000000006,1989,M07,1989 Jul,1693948
LASST450000000000006,1989,M08,1989 Aug,1698595
LASST450000000000006,1989,M09,1989 Sep,1703155
LASST450000000000006,1989,M10,1989 Oct,1707733
LASST450000000000006,1989,M11,1989 Nov,1712178
LASST450000000000006,1989,M12,1989 Dec,1716598
LASST450000000000006,1990,M01,1990 Jan,1721052
LASST450000000000006,1990,M02,1990 Feb,1725333
LASST450000000000006,1990,M03,1990 Mar,1729234
LASST450000000000006,1990,M04,1990 Apr,1732871
LASST450000000000006,1990,M05,1990 May,1736485
LASST450000000000006,1990,M06,1990 Jun,1739701
LASST450000000000006,1990,M07,1990 Jul,1742206
LASST450000000000006,1990,M08,1990 Aug,1743865
LASST450000000000006,1990,M09,1990 Sep,1744749
LASST450000000000006,1990,M10,1990 Oct,1745295
LASST450000000000006,1990,M11,1990 Nov,1746277
LASST450000000000006,1990,M12,1990 Dec,1748009
LASST450000000000006,1991,M01,1991 Jan,1750393
LASST450000000000006,1991,M02,1991 Feb,1753356
LASST450000000000006,1991,M03,1991 Mar,1756328
LASST450000000000006,1991,M04,1991 Apr,1758962
LASST450000000000006,1991,M05,1991 May,1761390
LASST450000000000006,1991,M06,1991 Jun,1764073
LASST450000000000006,1991,M07,1991 Jul,1767316
LASST450000000000006,1991,M08,1991 Aug,1771230
LASST450000000000006,1991,M09,1991 Sep,1775597
LASST450000000000006,1991,M10,1991 Oct,1779663
LASST450000000000006,1991,M11,1991 Nov,1782877
LASST450000000000006,1991,M12,1991 Dec,1785179
LASST450000000000006,1992,M01,1992 Jan,1786871
LASST450000000000006,1992,M02,1992 Feb,1788485
LASST450000000000006,1992,M03,1992 Mar,1790893
LASST450000000000006,1992,M04,1992 Apr,1794331
LASST450000000000006,1992,M05,1992 May,1798080
LASST450000000000006,1992,M06,1992 Jun,1801256
LASST450000000000006,1992,M07,1992 Jul,1803398
LASST450000000000006,1992,M08,1992 Aug,1804552
LASST450000000000006,1992,M09,1992 Sep,1805220
LASST450000000000006,1992,M10,1992 Oct,1806253
LASST450000000000006,1992,M11,1992 Nov,1808058
LASST450000000000006,1992,M12,1992 Dec,1810847
LASST450000000000006,1993,M01,1993 Jan,1814786
LASST450000000000006,1993,M02,1993 Feb,1819403
LASST450000000000006,1993,M03,1993 Mar,1823950
LASST450000000000006,1993,M04,1993 Apr,1827677
LASST450000000000006,1993,M05,1993 May,1830201
LASST450000000000006,1993,M06,1993 Jun,1831399
LASST450000000000006,1993,M07,1993 Jul,1831113
LASST450000000000006,1993,M08,1993 Aug,1829637
LASST450000000000006,1993,M09,1993 Sep,1828129
LASST450000000000006,1993,M10,1993 Oct,1827593
LASST450000000000006,1993,M11,1993 Nov,1828517
LASST450000000000006,1993,M12,1993 Dec,1830629
LASST450000000000006,1994,M01,1994 Jan,1832918
LASST450000000000006,1994,M02,1994 Feb,1834349
LASST450000000000006,1994,M03,1994 Mar,1834584
LASST450000000000006,1994,M04,1994 Apr,1834027
LASST450000000000006,1994,M05,1994 May,1833702
LASST450000000000006,1994,M06,1994 Jun,1834683
LASST450000000000006,1994,M07,1994 Jul,1837505
LASST450000000000006,1994,M08,1994 Aug,1841867
LASST450000000000006,1994,M09,1994 Sep,1846739
LASST450000000000006,1994,M10,1994 Oct,1850974
LASST450000000000006,1994,M11,1994 Nov,1854234
LASST450000000000006,1994,M12,1994 Dec,1856522
LASST450000000000006,1995,M01,1995 Jan,1857963
LASST450000000000006,1995,M02,1995 Feb,1858886
LASST450000000000006,1995,M03,1995 Mar,1859541
LASST450000000000006,1995,M04,1995 Apr,1860221
LASST450000000000006,1995,M05,1995 May,1861278
LASST450000000000006,1995,M06,1995 Jun,1862830
LASST450000000000006,1995,M07,1995 Jul,1865000
LASST450000000000006,1995,M08,1995 Aug,1867279
LASST450000000000006,1995,M09,1995 Sep,1868835
LASST450000000000006,1995,M10,1995 Oct,1869273
LASST450000000000006,1995,M11,1995 Nov,1868421
LASST450000000000006,1995,M12,1995 Dec,1866785
LASST450000000000006,1996,M01,1996 Jan,1865521
LASST450000000000006,1996,M02,1996 Feb,1865833
LASST450000000000006,1996,M03,1996 Mar,1868212
LASST450000000000006,1996,M04,1996 Apr,1872302
LASST450000000000006,1996,M05,1996 May,1877387
LASST450000000000006,1996,M06,1996 Jun,1882857
LASST450000000000006,1996,M07,1996 Jul,1888281
LASST450000000000006,1996,M08,1996 Aug,1893717
LASST450000000000006,1996,M09,1996 Sep,1899012
LASST450000000000006,1996,M10,1996 Oct,1903963
LASST450000000000006,1996,M11,1996 Nov,1908527
LASST450000000000006,1996,M12,1996 Dec,1912501
LASST450000000000006,1997,M01,1997 Jan,1915773
LASST450000000000006,1997,M02,1997 Feb,1918281
LASST450000000000006,1997,M03,1997 Mar,1920333
LASST450000000000006,1997,M04,1997 Apr,1922308
LASST450000000000006,1997,M05,1997 May,1923847
LASST450000000000006,1997,M06,1997 Jun,1924425
LASST450000000000006,1997,M07,1997 Jul,1923869
LASST450000000000006,1997,M08,1997 Aug,1922395
LASST450000000000006,1997,M09,1997 Sep,1920562
LASST450000000000006,1997,M10,1997 Oct,1918980
LASST450000000000006,1997,M11,1997 Nov,1918024
LASST450000000000006,1997,M12,1997 Dec,1918206
LASST450000000000006,1998,M01,1998 Jan,1919541
LASST450000000000006,1998,M02,1998 Feb,1921953
LASST450000000000006,1998,M03,1998 Mar,1925016
LASST450000000000006,1998,M04,1998 Apr,1928531
LASST450000000000006,1998,M05,1998 May,1932842
LASST450000000000006,1998,M06,1998 Jun,1937969
LASST450000000000006,1998,M07,1998 Jul,1943441
LASST450000000000006,1998,M08,1998 Aug,1948792
LASST450000000000006,1998,M09,1998 Sep,1953858
LASST450000000000006,1998,M10,1998 Oct,1958098
LASST450000000000006,1998,M11,1998 Nov,1961052
LASST450000000000006,1998,M12,1998 Dec,1962732
LASST450000000000006,1999,M01,1999 Jan,1963455
LASST450000000000006,1999,M02,1999 Feb,1963509
LASST450000000000006,1999,M03,1999 Mar,1963143
LASST450000000000006,1999,M04,1999 Apr,1962469
LASST450000000000006,1999,M05,1999 May,1961241
LASST450000000000006,1999,M06,1999 Jun,1959647
LASST450000000000006,1999,M07,1999 Jul,1957988
LASST450000000000006,1999,M08,1999 Aug,1956327
LASST450000000000006,1999,M09,1999 Sep,1954697
LASST450000000000006,1999,M10,1999 Oct,1953609
LASST450000000000006,1999,M11,1999 Nov,1953354
LASST450000000000006,1999,M12,1999 Dec,1953604
LASST450000000000006,2000,M01,2000 Jan,1954318
LASST450000000000006,2000,M02,2000 Feb,1955540
LASST450000000000006,2000,M03,2000 Mar,1957342
LASST450000000000006,2000,M04,2000 Apr,1959493
LASST450000000000006,2000,M05,2000 May,1961687
LASST450000000000006,2000,M06,2000 Jun,1963629
LASST450000000000006,2000,M07,2000 Jul,1965426
LASST450000000000006,2000,M08,2000 Aug,1967870
LASST450000000000006,2000,M09,2000 Sep,1971496
LASST450000000000006,2000,M10,2000 Oct,1976505
LASST450000000000006,2000,M11,2000 Nov,1982769
LASST450000000000006,2000,M12,2000 Dec,1974250
LASST450000000000006,2001,M01,2001 Jan,1967678
LASST450000000000006,2001,M02,2001 Feb,1961288
LASST450000000000006,2001,M03,2001 Mar,1954252
LASST450000000000006,2001,M04,2001 Apr,1946825
LASST450000000000006,2001,M05,2001 May,1940163
LASST450000000000006,2001,M06,2001 Jun,1935156
LASST450000000000006,2001,M07,2001 Jul,1932382
LASST450000000000006,2001,M08,2001 Aug,1931337
LASST450000000000006,2001,M09,2001 Sep,1931257
LASST450000000000006,2001,M10,2001 Oct,1931600
LASST450000000000006,2001,M11,2001 Nov,1931952
LASST450000000000006,2001,M12,2001 Dec,1932574
LASST450000000000006,2002,M01,2002 Jan,1934064
LASST450000000000006,2002,M02,2002 Feb,1936606
LASST450000000000006,2002,M03,2002 Mar,1940022
LASST450000000000006,2002,M04,2002 Apr,1944196
LASST450000000000006,2002,M05,2002 May,1948752
LASST450000000000006,2002,M06,2002 Jun,1953306
LASST450000000000006,2002,M07,2002 Jul,1957403
LASST450000000000006,2002,M08,2002 Aug,1961175
LASST450000000000006,2002,M09,2002 Sep,1965167
LASST450000000000006,2002,M10,2002 Oct,1969136
LASST450000000000006,2002,M11,2002 Nov,1973023
LASST450000000000006,2002,M12,2002 Dec,1976735
LASST450000000000006,2003,M01,2003 Jan,1980591
LASST450000000000006,2003,M02,2003 Feb,1984829
LASST450000000000006,2003,M03,2003 Mar,1989137
LASST450000000000006,2003,M04,2003 Apr,1992972
LASST450000000000006,2003,M05,2003 May,1996123
LASST450000000000006,2003,M06,2003 Jun,1998903
LASST450000000000006,2003,M07,2003 Jul,2001431
LASST450000000000006,2003,M08,2003 Aug,2003774
LASST450000000000006,2003,M09,2003 Sep,2005973
LASST450000000000006,2003,M10,2003 Oct,2008572
LASST450000000000006,2003,M11,2003 Nov,2011915
LASST450000000000006,2003,M12,2003 Dec,2015724
LASST450000000000006,2004,M01,2004 Jan,2019819
LASST450000000000006,2004,M02,2004 Feb,2024324
LASST450000000000006,2004,M03,2004 Mar,2029650
LASST450000000000006,2004,M04,2004 Apr,2035476
LASST450000000000006,2004,M05,2004 May,2041125
LASST450000000000006,2004,M06,2004 Jun,2046064
LASST450000000000006,2004,M07,2004 Jul,2050092
LASST450000000000006,2004,M08,2004 Aug,2052967
LASST450000000000006,2004,M09,2004 Sep,2054662
LASST450000000000006,2004,M10,2004 Oct,2055359
LASST450000000000006,2004,M11,2004 Nov,2055188
LASST450000000000006,2004,M12,2004 Dec,2054777
LASST450000000000006,2005,M01,2005 Jan,2053990
LASST450000000000006,2005,M02,2005 Feb,2052650
LASST450000000000006,2005,M03,2005 Mar,2051178
LASST450000000000006,2005,M04,2005 Apr,2050227
LASST450000000000006,2005,M05,2005 May,2050371
LASST450000000000006,2005,M06,2005 Jun,2051815
LASST450000000000006,2005,M07,2005 Jul,2063723
LASST450000000000006,2005,M08,2005 Aug,2075567
LASST450000000000006,2005,M09,2005 Sep,2086459
LASST450000000000006,2005,M10,2005 Oct,2096077
LASST450000000000006,2005,M11,2005 Nov,2105023
LASST450000000000006,2005,M12,2005 Dec,2114205
LASST450000000000006,2006,M01,2006 Jan,2119855
LASST450000000000006,2006,M02,2006 Feb,2135776
LASST450000000000006,2006,M03,2006 Mar,2138279
LASST450000000000006,2006,M04,2006 Apr,2141052
LASST450000000000006,2006,M05,2006 May,2143551
LASST450000000000006,2006,M06,2006 Jun,2145543
LASST450000000000006,2006,M07,2006 Jul,2147804
LASST450000000000006,2006,M08,2006 Aug,2151562
LASST450000000000006,2006,M09,2006 Sep,2157039
LASST450000000000006,2006,M10,2006 Oct,2163454
LASST450000000000006,2006,M11,2006 Nov,2169409
LASST450000000000006,2006,M12,2006 Dec,2173063
LASST450000000000006,2007,M01,2007 Jan,2173719
LASST450000000000006,2007,M02,2007 Feb,2171850
LASST450000000000006,2007,M03,2007 Mar,2167855
LASST450000000000006,2007,M04,2007 Apr,2162781
LASST450000000000006,2007,M05,2007 May,2157889
LASST450000000000006,2007,M06,2007 Jun,2153733
LASST450000000000006,2007,M07,2007 Jul,2150443
LASST450000000000006,2007,M08,2007 Aug,2148004
LASST450000000000006,2007,M09,2007 Sep,2146114
LASST450000000000006,2007,M10,2007 Oct,2144524
LASST450000000000006,2007,M11,2007 Nov,2143103
LASST450000000000006,2007,M12,2007 Dec,2142197
LASST450000000000006,2008,M01,2008 Jan,2142083
LASST450000000000006,2008,M02,2008 Feb,2142958
LASST450000000000006,2008,M03,2008 Mar,2145291
LASST450000000000006,2008,M04,2008 Apr,2148967
LASST450000000000006,2008,M05,2008 May,2153582
LASST450000000000006,2008,M06,2008 Jun,2158755
LASST450000000000006,2008,M07,2008 Jul,2163696
LASST450000000000006,2008,M08,2008 Aug,2167886
LASST450000000000006,2008,M09,2008 Sep,2171419
LASST450000000000006,2008,M10,2008 Oct,2174417
LASST450000000000006,2008,M11,2008 Nov,2176795
LASST450000000000006,2008,M12,2008 Dec,2178566
LASST450000000000006,2009,M01,2009 Jan,2179478
LASST450000000000006,2009,M02,2009 Feb,2179540
LASST450000000000006,2009,M03,2009 Mar,2178899
LASST450000000000006,2009,M04,2009 Apr,2177493
LASST450000000000006,2009,M05,2009 May,2175091
LASST450000000000006,2009,M06,2009 Jun,2171786
LASST450000000000006,2009,M07,2009 Jul,2167514
LASST450000000000006,2009,M08,2009 Aug,2162403
LASST450000000000006,2009,M09,2009 Sep,2157433
LASST450000000000006,2009,M10,2009 Oct,2153550
LASST450000000000006,2009,M11,2009 Nov,2151877
LASST450000000000006,2009,M12,2009 Dec,2153079
LASST450000000000006,2010,M01,2010 Jan,2156723
LASST450000000000006,2010,M02,2010 Feb,2161383
LASST450000000000006,2010,M03,2010 Mar,2165917
LASST450000000000006,2010,M04,2010 Apr,2169966
LASST450000000000006,2010,M05,2010 May,2173188
LASST450000000000006,2010,M06,2010 Jun,2175384
LASST450000000000006,2010,M07,2010 Jul,2177246
LASST450000000000006,2010,M08,2010 Aug,2179221
LASST450000000000006,2010,M09,2010 Sep,2180881
LASST450000000000006,2010,M10,2010 Oct,2182059
LASST450000000000006,2010,M11,2010 Nov,2182565
LASST450000000000006,2010,M12,2010 Dec,2182283
LASST450000000000006,2011,M01,2011 Jan,2181867
LASST450000000000006,2011,M02,2011 Feb,2181732
LASST450000000000006,2011,M03,2011 Mar,2181809
LASST450000000000006,2011,M04,2011 Apr,2182071
LASST450000000000006,2011,M05,2011 May,2182996
LASST450000000000006,2011,M06,2011 Jun,2184648
LASST450000000000006,2011,M07,2011 Jul,2186574
LASST450000000000006,2011,M08,2011 Aug,2188150
LASST450000000000006,2011,M09,2011 Sep,2189084
LASST450000000000006,2011,M10,2011 Oct,2189390
LASST450000000000006,2011,M11,2011 Nov,2188894
LASST450000000000006,2011,M12,2011 Dec,2187724
LASST450000000000006,2012,M01,2012 Jan,2186464
LASST450000000000006,2012,M02,2012 Feb,2185903
LASST450000000000006,2012,M03,2012 Mar,2186140
LASST450000000000006,2012,M04,2012 Apr,2186592
LASST450000000000006,2012,M05,2012 May,2187077
LASST450000000000006,2012,M06,2012 Jun,2187672
LASST450000000000006,2012,M07,2012 Jul,2188604
LASST450000000000006,2012,M08,2012 Aug,2190380
LASST450000000000006,2012,M09,2012 Sep,2193195
LASST450000000000006,2012,M10,2012 Oct,2196167
LASST450000000000006,2012,M11,2012 Nov,2198590
LASST450000000000006,2012,M12,2012 Dec,2199962
LASST450000000000006,2013,M01,2013 Jan,2200061
LASST450000000000006,2013,M02,2013 Feb,2199344
LASST450000000000006,2013,M03,2013 Mar,2198641
LASST450000000000006,2013,M04,2013 Apr,2198847
LASST450000000000006,2013,M05,2013 May,2199734
LASST450000000000006,2013,M06,2013 Jun,2200680
LASST450000000000006,2013,M07,2013 Jul,2201018
LASST450000000000006,2013,M08,2013 Aug,2200075
LASST450000000000006,2013,M09,2013 Sep,2197737
LASST450000000000006,2013,M10,2013 Oct,2195205
LASST450000000000006,2013,M11,2013 Nov,2193757
LASST450000000000006,2013,M12,2013 Dec,2193803
LASST450000000000006,2014,M01,2014 Jan,2195170
LASST450000000000006,2014,M02,2014 Feb,2197611
LASST450000000000006,2014,M03,2014 Mar,2201104
LASST450000000000006,2014,M04,2014 Apr,2205386
LASST450000000000006,2014,M05,2014 May,2210478
LASST450000000000006,2014,M06,2014 Jun,2216695
LASST450000000000006,2014,M07,2014 Jul,2223807
LASST450000000000006,2014,M08,2014 Aug,2231509
LASST450000000000006,2014,M09,2014 Sep,2239247
LASST450000000000006,2014,M10,2014 Oct,2245849
LASST450000000000006,2014,M11,2014 Nov,2250477
LASST450000000000006,2014,M12,2014 Dec,2253950
LASST450000000000006,2015,M01,2015 Jan,2257193
LASST450000000000006,2015,M02,2015 Feb,2260446
LASST450000000000006,2015,M03,2015 Mar,2263671
LASST450000000000006,2015,M04,2015 Apr,2266502
LASST450000000000006,2015,M05,2015 May,2268384
LASST450000000000006,2015,M06,2015 Jun,2268969
LASST450000000000006,2015,M07,2015 Jul,2268743
LASST450000000000006,2015,M08,2015 Aug,2268472
LASST450000000000006,2015,M09,2015 Sep,2268967
LASST450000000000006,2015,M10,2015 Oct,2271292
LASST450000000000006,2015,M11,2015 Nov,2275676
LASST450000000000006,2015,M12,2015 Dec,2280829
LASST450000000000006,2016,M01,2016 Jan,2285355
LASST450000000000006,2016,M02,2016 Feb,2288411
LASST450000000000006,2016,M03,2016 Mar,2289534
LASST450000000000006,2016,M04,2016 Apr,2289095
LASST450000000000006,2016,M05,2016 May,2287908
LASST450000000000006,2016,M06,2016 Jun,2286438
LASST450000000000006,2016,M07,2016 Jul,2285086
LASST450000000000006,2016,M08,2016 Aug,2284243
LASST450000000000006,2016,M09,2016 Sep,2284053
LASST450000000000006,2016,M10,2016 Oct,2284227
LASST450000000000006,2016,M11,2016 Nov,2284792
LASST450000000000006,2016,M12,2016 Dec,2285947
LASST450000000000006,2017,M01,2017 Jan,2253968
LASST450000000000006,2017,M02,2017 Feb,2255750
LASST450000000000006,2017,M03,2017 Mar,2257873
LASST450000000000006,2017,M04,2017 Apr,2260249
LASST450000000000006,2017,M05,2017 May,2262759
LASST450000000000006,2017,M06,2017 Jun,2265091
LASST450000000000006,2017,M07,2017 Jul,2266673
LASST450000000000006,2017,M08,2017 Aug,2266940
LASST450000000000006,2017,M09,2017 Sep,2265919
LASST450000000000006,2017,M10,2017 Oct,2264088
LASST450000000000006,2017,M11,2017 Nov,2261774
LASST450000000000006,2017,M12,2017 Dec,2259641
LASST450000000000006,2018,M01,2018 Jan,2261291
LASST450000000000006,2018,M02,2018 Feb,2262598
LASST450000000000006,2018,M03,2018 Mar,2265872
LASST450000000000006,2018,M04,2018 Apr,2270009
LASST450000000000006,2018,M05,2018 May,2274103
LASST450000000000006,2018,M06,2018 Jun,2278126
LASST450000000000006,2018,M07,2018 Jul,2282203
LASST450000000000006,2018,M08,2018 Aug,2286695
LASST450000000000006,2018,M09,2018 Sep,2291502
LASST450000000000006,2018,M10,2018 Oct,2296611
LASST450000000000006,2018,M11,2018 Nov,2302219
LASST450000000000006,2018,M12,2018 Dec,2308376
LASST450000000000006,2019,M01,2019 Jan,2321957
LASST450000000000006,2019,M02,2019 Feb,2327188
LASST450000000000006,2019,M03,2019 Mar,2331227
LASST450000000000006,2019,M04,2019 Apr,2334090
LASST450000000000006,2019,M05,2019 May,2335535
LASST450000000000006,2019,M06,2019 Jun,2335624
LASST450000000000006,2019,M07,2019 Jul,2334962
LASST450000000000006,2019,M08,2019 Aug,2334381
LASST450000000000006,2019,M09,2019 Sep,2335081
LASST450000000000006,2019,M10,2019 Oct,2337068
LASST450000000000006,2019,M11,2019 Nov,2339415
LASST450000000000006,2019,M12,2019 Dec,2340039
LASST450000000000006,2020,M01,2020 Jan,2337550
LASST450000000000006,2020,M02,2020 Feb,2331935
LASST450000000000006,2020,M03,2020 Mar,2324880
LASST450000000000006,2020,M04,2020 Apr,2318009
LASST450000000000006,2020,M05,2020 May,2331810
LASST450000000000006,2020,M06,2020 Jun,2324449
LASST450000000000006,2020,M07,2020 Jul,2336962
LASST450000000000006,2020,M08,2020 Aug,2340638
LASST450000000000006,2020,M09,2020 Sep,2352536
LASST450000000000006,2020,M10,2020 Oct,2354031
LASST450000000000006,2020,M11,2020 Nov,2355510
LASST450000000000006,2020,M12,2020 Dec,2355309
LASST450000000000006,2021,M01,2021 Jan,2351870
LASST450000000000006,2021,M02,2021 Feb,2350817
LASST450000000000006,2021,M03,2021 Mar,2352759
LASST450000000000006,2021,M04,2021 Apr,2356328
LASST450000000000006,2021,M05,2021 May,2359999
LASST450000000000006,2021,M06,2021 Jun,2362726
LASST450000000000006,2021,M07,2021 Jul,2362898
LASST450000000000006,2021,M08,2021 Aug,2362324
LASST450000000000006,2021,M09,2021 Sep,2361774
LASST450000000000006,2021,M10,2021 Oct,2362913
LASST450000000000006,2021,M11,2021 Nov,2365715
LASST450000000000006,2021,M12,2021 Dec,2370349
LASST450000000000006,2022,M01,2022 Jan,2376672
LASST450000000000006,2022,M02,2022 Feb,2382633
LASST450000000000006,2022,M03,2022 Mar,2386962
LASST450000000000006,2022,M04,2022 Apr,2389460
LASST450000000000006,2022,M05,2022 May,2390918
LASST450000000000006,2022,M06,2022 Jun,2391837
LASST450000000000006,2022,M07,2022 Jul,2392626
LASST450000000000006,2022,M08,2022 Aug,2394008
LASST450000000000006,2022,M09,2022 Sep,2396304
LASST450000000000006,2022,M10,2022 Oct,2400135
LASST450000000000006,2022,M11,2022 Nov,2405661
LASST450000000000006,2022,M12,2022 Dec,2412560
LASST450000000000006,2023,M01,2023 Jan,2420110
LASST450000000000006,2023,M02,2023 Feb,2428125
LASST450000000000006,2023,M03,2023 Mar,2435938
LASST450000000000006,2023,M04,2023 Apr,2442690
LASST450000000000006,2023,M05,2023 May,2447970
LASST450000000000006,2023,M06,2023 Jun,2452517
LASST450000000000006,2023,M07,2023 Jul,2457440
LASST450000000000006,2023,M08,2023 Aug,2462426
LASST450000000000006,2023,M09,2023 Sep,2467221
LASST450000000000006,2023,M10,2023 Oct,2470729
LASST450000000000006,2023,M11,2023 Nov,2470891
LASST450000000000006,2023,M12,2023 Dec,2470300
LASST450000000000006,2024,M01,2024 Jan,2471839
LASST450000000000006,2024,M02,2024 Feb,2472619
LASST450000000000006,2024,M03,2024 Mar,2477588
LASST450000000000006,2024,M04,2024 Apr,2484299
LASST450000000000006,2024,M05,2024 May,2490101
LASST450000000000006,2024,M06,2024 Jun,2499877
LASST450000000000006,2024,M07,2024 Jul,2512922
LASST450000000000006,2024,M08,2024 Aug,2522515
LASST450000000000006,2024,M09,2024 Sep,2527275
LASST450000000000006,2024,M10,2024 Oct,2531262
LASST450000000000006,2024,M11,2024 Nov,2534071
LASST450000000000006,2024,M12,2024 Dec,2536654
